day,open,close,high,low,volume,rise
2025-06-05,7.54,7.52,7.57,7.48,233229,-0.4
2025-06-06,7.53,7.5,7.55,7.48,197487,-0.27
2025-06-09,7.49,7.6,7.6,7.48,369666,1.33
2025-06-10,7.58,7.5,7.63,7.46,329875,-1.32
2025-06-11,7.5,7.59,7.65,7.48,351331,1.2
2025-06-12,7.59,7.53,7.59,7.5,284204,-0.79
2025-06-13,7.5,7.34,7.51,7.32,468690,-2.52
2025-06-16,7.33,7.37,7.39,7.26,550027,0.41
2025-06-17,7.35,7.36,7.38,7.3,315529,-0.14
2025-06-18,7.32,7.3,7.37,7.28,287030,-0.82
2025-06-19,7.27,7.17,7.37,7.15,446552,-1.78
2025-06-20,7.25,7.24,7.4,7.2,552451,0.98
2025-06-23,7.17,7.29,7.31,7.11,402812,0.69
2025-06-24,7.3,7.4,7.41,7.3,390319,1.51
2025-06-25,7.4,7.43,7.44,7.32,428837,0.41
2025-06-26,7.42,7.38,7.51,7.37,463995,-0.67
2025-06-27,7.41,7.46,7.53,7.39,468001,1.08
2025-06-30,7.56,7.68,7.74,7.52,686709,2.95
2025-07-01,7.65,7.59,7.65,7.52,427373,-1.17
2025-07-02,7.68,8.02,8.1,7.64,1495422,5.67
2025-07-03,7.93,7.95,7.99,7.83,792792,-0.87
2025-07-04,8.08,7.89,8.14,7.82,711709,-0.75
2025-07-07,7.84,7.82,7.93,7.8,362608,-0.89
2025-07-08,7.81,8.23,8.34,7.8,1399255,5.24
2025-07-09,8.18,8.17,8.3,8.14,918026,-0.73
2025-07-10,8.12,8.4,8.48,8.12,1584708,2.82
2025-07-11,8.39,8.34,8.43,8.25,857419,-0.71
2025-07-14,8.3,8.35,8.51,8.25,867032,0.12
2025-07-15,8.3,8.18,8.37,8.11,733115,-2.04
2025-07-16,8.16,8.16,8.18,8.04,558927,-0.24
2025-07-17,8.6,8.43,8.79,8.34,1939325,3.31
2025-07-18,8.34,8.36,8.75,8.34,1205089,-0.83
2025-07-21,8.4,8.47,8.54,8.33,816811,1.32
2025-07-22,8.46,8.7,8.78,8.41,1134019,2.72
2025-07-23,8.81,8.56,8.91,8.55,1093239,-1.61
2025-07-24,8.52,8.82,8.83,8.47,933343,3.04
2025-07-25,8.8,8.62,8.81,8.61,602844,-2.27
2025-07-28,8.56,8.56,8.64,8.46,462909,-0.7
2025-07-29,8.56,8.72,8.72,8.51,555156,1.87
2025-07-30,8.67,8.54,8.8,8.45,719084,-2.06
2025-07-31,8.45,8.15,8.5,8.1,1034632,-4.57
2025-08-01,8.16,8.24,8.41,8.15,585433,1.1
2025-08-04,8.18,8.13,8.18,8.05,462552,-1.33
2025-08-05,8.14,8.19,8.2,8.09,361002,0.74
2025-08-06,8.17,8.18,8.2,8.09,353541,-0.12
2025-08-07,8.2,8.13,8.24,8.01,483291,-0.61
2025-08-08,8.13,8.05,8.17,8.03,529472,-0.98
2025-08-11,8.07,8.26,8.32,8.06,706607,2.61
2025-08-12,8.25,8.14,8.26,8.05,668839,-1.45
2025-08-13,8.13,8.14,8.19,8.08,590290,0.0
2025-08-14,8.12,7.96,8.13,7.9,684245,-2.21
2025-08-15,7.95,8.22,8.25,7.93,983222,3.27
2025-08-18,8.3,8.29,8.41,8.23,776019,0.85
2025-08-19,8.27,8.23,8.29,8.2,486257,-0.72
2025-08-20,8.36,8.38,8.39,8.16,880331,1.82
2025-08-21,8.29,8.33,8.41,8.27,672150,-0.6
2025-08-22,8.3,8.45,8.48,8.26,755872,1.44
2025-08-25,8.5,8.53,8.63,8.42,1019342,0.95
2025-08-26,8.5,8.49,8.59,8.39,652876,-0.47
2025-08-27,8.49,8.38,8.86,8.35,1405789,-1.3
2025-08-28,8.36,8.5,8.56,8.25,1046406,1.43
2025-08-29,8.51,8.38,8.63,8.38,1444127,-1.41
2025-09-01,8.37,8.36,8.49,8.22,1208556,-0.24
2025-09-02,8.36,8.15,8.44,8.09,967146,-2.51
2025-09-03,8.16,8.19,8.39,8.11,1190215,0.49
2025-09-04,8.16,8.32,8.6,8.16,2105129,1.59
2025-09-05,8.36,8.75,8.79,8.34,2560664,5.17
2025-09-08,8.84,8.89,8.9,8.66,1951967,1.6
2025-09-09,8.89,8.71,8.91,8.66,1009837,-2.02
2025-09-10,8.65,8.45,8.7,8.37,1171492,-2.99
2025-09-11,8.41,8.51,8.53,8.35,775504,0.71
2025-09-12,8.49,8.45,8.57,8.42,738504,-0.71
2025-09-15,8.46,8.5,8.7,8.46,873849,0.59
2025-09-16,8.61,8.44,8.73,8.32,970597,-0.71
2025-09-17,8.41,8.51,8.6,8.34,739952,0.83
2025-09-18,8.49,8.19,8.49,8.08,1429786,-3.76
2025-09-19,8.18,8.08,8.21,8.08,773115,-1.34
2025-09-22,8.09,7.92,8.1,7.85,917547,-1.98
2025-09-23,7.88,7.77,7.91,7.65,897666,-1.89
2025-09-24,7.73,8.55,8.55,7.71,1905394,10.04
2025-09-25,8.7,9.41,9.41,8.61,3487780,10.06
2025-09-26,9.26,9.11,9.45,9.08,3225610,-3.19
2025-09-29,9.14,9.02,9.2,8.91,1721143,-0.99
2025-09-30,9.05,9.05,9.24,8.96,1633905,0.33
2025-10-09,9.06,9.47,9.75,9.06,2902190,4.64
2025-10-10,9.48,9.16,9.6,9.11,1676602,-3.27
2025-10-13,8.8,9.02,9.05,8.76,1319999,-1.53
2025-10-14,9.07,9.35,9.87,9.06,2568729,3.66
2025-10-15,9.36,9.54,9.74,9.23,2262608,2.03
2025-10-16,9.45,9.42,9.54,9.34,1305932,-1.26
2025-10-17,9.41,8.95,9.49,8.89,1480244,-4.99
2025-10-20,8.99,8.91,9.04,8.77,987569,-0.45
2025-10-21,8.95,9.0,9.23,8.89,933360,1.01
2025-10-22,8.96,8.84,9.07,8.8,761553,-1.78
2025-10-23,8.8,8.79,8.85,8.53,946098,-0.57
2025-10-24,8.81,8.75,9.0,8.7,805938,-0.46
2025-10-27,8.82,8.95,9.04,8.8,1020204,2.29
2025-10-28,8.95,8.98,9.04,8.82,832797,0.34
2025-10-29,8.92,9.58,9.75,8.9,2692363,6.68
2025-10-30,9.58,9.51,9.7,9.45,2214199,-0.73
2025-10-31,9.61,9.46,9.97,9.45,1541481,-0.53
2025-11-03,9.53,9.72,9.78,9.42,1452459,2.75
2025-11-04,9.72,9.49,9.9,9.4,1116434,-2.37
2025-11-05,9.35,9.73,9.95,9.33,1748401,2.53
2025-11-06,9.75,9.77,9.92,9.59,1387667,0.41
2025-11-07,9.72,10.06,10.29,9.67,3092928,2.97
2025-11-10,10.21,10.82,11.07,10.14,4301251,7.55
2025-11-11,10.65,10.75,11.03,10.59,2589490,-0.65
2025-11-12,10.64,10.34,10.71,10.0,2671077,-3.81
2025-11-13,10.32,10.53,10.8,10.32,2092505,1.84
2025-11-14,10.4,10.91,11.52,10.31,3265466,3.61
2025-11-17,10.9,10.75,11.04,10.53,1950516,-1.47
2025-11-18,10.7,10.41,10.85,10.3,1607749,-3.16
2025-11-19,10.33,10.44,10.52,10.09,1618623,0.29
2025-11-20,10.45,9.97,10.45,9.92,1456064,-4.5
2025-11-21,9.78,9.29,9.88,9.26,1543772,-6.82
2025-11-24,9.36,9.26,9.4,9.11,988929,-0.32
2025-11-25,9.34,9.27,9.46,9.22,966454,0.11
2025-11-26,9.41,9.27,9.5,9.21,832362,0.0
2025-11-27,9.23,9.29,9.43,9.2,898943,0.22
2025-11-28,9.27,9.39,9.48,9.18,772778,1.08
2025-12-01,9.39,9.27,9.43,9.02,1290683,-1.28
2025-12-02,9.17,8.95,9.2,8.95,922321,-3.45
2025-12-03,8.95,8.9,9.02,8.84,656932,-0.56
2025-12-04,8.85,8.76,8.89,8.72,560749,-1.57
2025-12-05,8.78,8.87,8.88,8.73,527063,1.26
2025-12-08,8.86,8.9,8.95,8.8,579773,0.34
2025-12-09,8.84,9.0,9.0,8.76,876670,1.12
2025-12-10,8.9,8.77,8.93,8.68,910321,-2.56
2025-12-11,8.77,8.53,8.8,8.52,748865,-2.74
2025-12-12,8.57,8.56,8.61,8.44,1582882,0.35
2025-12-15,8.51,8.43,8.6,8.36,920536,-1.52
2025-12-16,8.38,8.28,8.4,8.15,821719,-1.78
2025-12-17,8.26,8.37,8.39,8.21,622784,1.09
2025-12-18,8.31,8.27,8.39,8.26,526330,-1.19
2025-12-19,8.29,8.34,8.43,8.29,737152,0.85
2025-12-22,8.34,8.41,8.51,8.34,693350,0.84
2025-12-23,8.41,8.39,8.49,8.33,594061,-0.24
2025-12-24,8.38,8.52,8.55,8.33,723050,1.55
2025-12-25,8.5,8.55,8.57,8.43,536475,0.35
2025-12-26,8.9,8.81,9.07,8.76,1741156,3.04
2025-12-29,8.85,8.82,8.95,8.77,952508,0.11
2025-12-30,8.73,8.66,8.8,8.65,695520,-1.81
2025-12-31,8.67,8.57,8.75,8.56,550684,-1.04
2026-01-05,8.63,8.73,8.73,8.59,713230,1.87
2026-01-06,8.72,8.97,8.97,8.7,1030125,2.75
2026-01-07,8.95,8.97,9.04,8.87,875014,0.0
2026-01-08,8.94,9.1,9.25,8.89,1066554,1.45
2026-01-09,8.98,8.86,9.11,8.81,1324027,-2.64
2026-01-12,8.76,9.13,9.28,8.74,1682890,3.05
2026-01-13,9.1,8.83,9.13,8.79,1380353,-3.29
2026-01-14,8.75,8.73,9.01,8.62,1577023,-1.13
2026-01-15,8.66,8.7,8.77,8.57,948932,-0.34
2026-01-16,8.75,8.84,8.87,8.64,1207622,1.61
2026-01-19,8.9,8.97,9.09,8.69,1202736,1.47
2026-01-20,8.93,8.7,9.02,8.61,1137013,-3.01
2026-01-21,8.62,8.85,8.92,8.6,926019,1.72
2026-01-22,8.85,9.04,9.15,8.76,1277550,2.15
2026-01-23,9.04,9.75,9.8,9.03,2733058,7.85
2026-01-26,9.64,9.3,9.69,9.27,1792182,-4.62
2026-01-27,9.26,9.4,9.5,8.98,1724944,1.08
2026-01-28,9.31,9.26,9.41,9.2,1081888,-1.49
2026-01-29,9.23,9.81,10.19,9.2,3642844,5.94
2026-01-30,9.69,9.41,9.8,9.08,2685413,-4.08
2026-02-02,9.38,9.24,9.6,9.23,1575469,-1.81
2026-02-03,9.42,9.61,9.69,9.36,1806916,4.0
2026-02-04,9.62,10.57,10.57,9.55,3979560,9.99
2026-02-05,10.47,10.74,11.19,10.24,5828700,1.61
2026-02-06,10.3,10.62,11.07,10.26,3816637,-1.12
2026-02-09,11.0,11.68,11.68,10.86,4324673,9.98
2026-02-10,11.68,11.3,11.86,11.27,4804043,-3.25
2026-02-11,11.27,10.98,11.75,10.91,3703718,-2.83
2026-02-12,10.87,10.76,11.0,10.64,2529651,-2.0
2026-02-13,10.71,10.32,10.8,10.31,1999966,-4.09
2026-02-24,10.58,10.4,10.73,10.39,1528677,0.78
2026-02-25,10.41,10.43,10.57,10.35,1428437,0.29
2026-02-26,10.4,10.25,10.42,10.19,1359064,-1.73
2026-02-27,10.16,10.32,10.48,10.14,1354185,0.68
2026-03-02,10.04,10.01,10.44,9.97,1814735,-3.0
2026-03-03,10.1,9.86,10.45,9.83,2025133,-1.5
2026-03-04,9.73,9.72,9.93,9.52,1423325,-1.42
2026-03-05,9.86,9.8,9.94,9.74,994042,0.82
2026-03-06,9.7,9.81,9.96,9.64,969171,0.1
2026-03-09,9.66,10.07,10.12,9.62,1618575,2.65
2026-03-10,10.04,10.15,10.26,9.87,1472427,0.79
2026-03-11,10.11,10.17,10.37,10.04,1568151,0.2
2026-03-12,10.1,10.19,10.35,9.94,1723341,0.2
2026-03-13,10.13,10.16,10.38,10.03,1452240,-0.29
2026-03-16,10.18,9.94,10.28,9.86,1220512,-2.17
2026-03-17,9.96,9.83,10.29,9.82,1448848,-1.11
2026-03-18,9.81,9.75,9.93,9.58,1146646,-0.81
2026-03-19,9.64,9.66,9.84,9.62,943313,-0.92
2026-03-20,9.65,9.86,10.29,9.52,1944558,2.07
2026-03-23,9.7,9.6,10.07,9.55,1645376,-2.64
2026-03-24,9.73,9.69,9.94,9.19,1582305,0.94
2026-03-25,9.69,9.64,9.82,9.58,1186633,-0.52
2026-03-26,9.64,9.17,9.65,9.15,1289808,-4.88
2026-03-27,9.05,9.36,9.43,9.01,1070234,2.07
2026-03-30,9.28,9.11,9.36,8.97,952410,-2.67
2026-03-31,9.13,8.78,9.23,8.78,963675,-3.62
2026-04-01,8.94,8.98,9.12,8.81,872773,2.28
2026-04-02,8.9,8.59,8.93,8.54,979936,-4.34
2026-04-03,8.57,8.12,8.59,8.1,1078195,-5.47
2026-04-07,8.17,8.24,8.26,8.11,591180,1.48
2026-04-08,8.4,8.62,8.63,8.37,906924,4.61
2026-04-09,8.51,8.46,8.55,8.41,509473,-1.86
2026-04-10,8.55,8.63,8.72,8.53,714332,2.01
2026-04-13,8.51,8.85,8.97,8.51,995407,2.55
2026-04-14,8.78,8.83,8.89,8.71,620069,-0.23
2026-04-15,8.83,8.68,8.87,8.62,587168,-1.7
2026-04-16,8.71,8.76,8.81,8.64,502895,0.92
2026-04-17,8.71,8.67,8.76,8.61,632605,-1.03
2026-04-20,8.7,8.82,8.87,8.64,678294,1.73
2026-04-21,8.81,8.76,8.91,8.7,569712,-0.68
2026-04-22,8.69,8.71,8.75,8.6,551645,-0.57
2026-04-23,8.78,8.64,8.84,8.56,740688,-0.8
2026-04-24,8.58,8.63,8.67,8.49,518110,-0.12
2026-04-27,8.58,8.54,8.62,8.45,516313,-1.04
2026-04-28,8.49,8.48,8.65,8.43,547600,-0.7
2026-04-29,8.46,8.62,8.66,8.28,734521,1.65
2026-04-30,8.56,8.66,8.73,8.55,576012,0.46
2026-05-06,8.76,8.9,8.95,8.68,931702,2.77
2026-05-07,8.89,8.86,9.03,8.81,849326,-0.45
2026-05-08,8.81,8.93,9.02,8.75,867471,0.79
2026-05-11,8.95,9.09,9.19,8.95,1131729,1.79
2026-05-12,9.09,9.62,10.0,8.93,3936543,5.83
2026-05-13,9.6,10.19,10.31,9.55,3760871,5.93
2026-05-14,10.18,10.09,10.37,9.87,2559970,-0.98
2026-05-15,10.04,9.83,10.26,9.35,2554396,-2.58
2026-05-18,9.66,9.36,9.7,9.3,1516649,-4.78
2026-05-19,9.38,9.81,10.07,9.24,2291402,4.81
2026-05-20,9.84,9.62,9.88,9.56,1309221,-1.94
2026-05-21,9.74,9.12,9.81,9.08,1505759,-5.2
2026-05-22,9.23,9.36,9.49,9.03,1252019,2.63
2026-05-25,9.37,9.22,9.43,9.04,1109874,-1.5
2026-05-26,9.16,9.03,9.4,8.89,1385679,-2.06
2026-05-27,9.0,9.93,9.93,9.0,2254093,9.97
2026-05-28,9.89,10.44,10.61,9.81,4810571,5.14
2026-05-29,10.33,9.75,10.43,9.55,2986782,-6.61
2026-06-01,9.75,9.56,10.07,9.54,1903955,-1.95
2026-06-02,9.56,9.12,9.62,8.91,1931910,-4.6
2026-06-03,9.08,9.13,9.53,9.02,1675694,0.11
2026-06-04,9.04,9.55,9.73,8.92,2260491,4.6
2026-06-05,9.46,9.42,9.8,9.3,1858030,-1.36
2026-06-08,9.14,8.92,9.69,8.91,2173392,-5.31
2026-06-09,9.1,9.81,9.81,8.43,3135369,9.98
2026-06-10,10.0,10.13,10.3,9.81,4770240,3.26
2026-06-11,10.1,10.13,10.18,9.8,2614571,0.0
2026-06-12,10.38,9.98,11.14,9.98,5124436,-1.48
2026-06-15,9.98,10.26,10.33,9.7,3298648,2.81
2026-06-16,10.21,10.33,10.49,10.16,2428760,0.68
2026-06-17,10.24,10.71,10.8,10.02,3657870,3.68
2026-06-18,10.66,10.26,10.66,10.2,2533287,-4.2
2026-06-22,10.35,10.41,10.59,10.1,2324617,1.46
2026-06-23,10.25,9.84,10.32,9.78,2278814,-5.48
2026-06-24,9.67,9.5,9.75,9.34,1808946,-3.46
2026-06-25,9.51,10.17,10.3,9.39,3255206,7.05
2026-06-26,10.23,11.19,11.19,10.17,5190640,10.03
2026-06-29,11.48,11.73,11.78,11.2,5709481,4.83
2026-06-30,11.67,12.02,12.12,11.34,4732536,2.47
2026-07-01,11.87,11.9,12.44,11.54,4859255,-1.0
2026-07-02,11.42,11.03,11.59,10.97,3640490,-7.31
2026-07-03,11.25,10.37,11.36,10.34,3149074,-5.98
2026-07-06,10.47,10.02,10.67,9.84,2488884,-3.38
2026-07-07,10.02,11.02,11.02,9.88,3529552,9.98
2026-07-08,11.28,10.69,11.42,10.42,3442099,-2.99
2026-07-09,10.8,11.03,11.1,10.6,3327567,3.18
2026-07-10,11.03,10.66,11.39,10.65,3435440,-3.35
2026-07-13,10.48,10.49,11.2,10.4,2658224,-1.59
2026-07-14,10.2,10.08,10.6,9.81,2903828,-3.91
2026-07-15,10.3,9.69,10.41,9.51,2249662,-3.87
2026-07-16,9.48,9.13,9.65,9.1,1856646,-5.78
2026-07-17,9.14,9.12,9.48,8.83,2160955,-0.11
2026-07-20,9.35,8.75,9.41,8.6,1823351,-4.06
2026-07-21,8.75,8.99,9.04,8.35,1933803,2.74
2026-07-22,8.88,8.73,9.04,8.68,1483646,-2.89
2026-07-23,8.68,8.86,8.99,8.57,1236003,1.49
2026-07-24,8.69,8.5,8.79,8.5,908572,-4.06
2026-07-27,8.5,8.65,8.71,8.4,773186,1.76
2026-07-28,8.5,8.55,8.7,8.46,728802,-1.16
2026-07-29,8.5,8.62,8.63,8.3,1001133,0.82
2026-07-30,8.52,8.85,8.96,8.52,1413916,2.67
2026-07-31,9.02,8.83,9.09,8.81,1109283,-0.23
2026-08-03,8.75,9.06,9.13,8.72,1149012,2.6
2026-08-04,9.06,9.04,9.09,8.97,1012795,-0.22
2026-08-05,9.01,9.14,9.2,8.96,1132996,1.11
2026-08-06,9.02,8.87,9.04,8.81,1174422,-2.95
2026-08-07,8.78,8.9,9.0,8.78,1007878,0.34
2026-08-10,8.83,8.92,8.97,8.8,795004,0.22
2026-08-11,8.89,9.29,9.54,8.87,2000992,4.15
2026-08-12,9.2,9.42,9.51,9.15,1320962,1.4
2026-08-13,9.42,9.32,9.5,9.3,996424,-1.06
2026-08-14,9.37,9.34,9.49,9.22,785925,0.21
2026-08-17,9.48,9.63,9.76,9.39,1422563,3.1
2026-08-18,9.61,9.95,10.05,9.58,1692204,3.32
2026-08-19,9.7,9.85,9.99,9.66,1765098,-1.01
2026-08-20,9.85,9.53,9.96,9.49,1291877,-3.25
2026-08-21,9.49,9.5,9.66,9.44,696403,-0.31
2026-08-24,9.54,9.35,9.82,9.3,893760,-1.58
2026-08-25,9.25,9.22,9.32,9.12,680929,-1.39
2026-08-26,9.22,9.24,9.39,9.21,603570,0.22
2026-08-27,9.21,9.19,9.23,9.01,843601,-0.54
2026-08-28,9.19,9.82,10.0,9.14,2166530,6.86
2026-08-31,9.67,9.51,9.7,9.38,1179150,-3.16
2026-09-01,9.44,9.57,9.6,9.43,685967,0.63
2026-09-02,9.46,9.3,9.5,9.27,629286,-2.82
2026-09-03,9.41,9.27,9.48,9.27,475994,-0.32
2026-09-04,9.34,9.14,9.37,9.13,604317,-1.4
2026-09-07,9.13,9.2,9.22,9.07,440476,0.66
2026-09-08,9.18,9.28,9.31,9.13,447412,0.87
2026-09-09,9.23,9.11,9.28,9.08,465223,-1.83
2026-09-10,9.05,8.86,9.06,8.85,590136,-2.74
2026-09-11,8.79,8.69,8.9,8.68,515228,-1.92
2026-09-14,8.68,8.74,8.79,8.66,332074,0.58
2026-09-15,8.71,8.67,8.78,8.64,299874,-0.8
2026-09-16,8.62,8.86,8.9,8.54,636445,2.19
2026-09-17,8.78,8.62,8.86,8.62,649990,-2.71
2026-09-18,8.73,8.77,8.81,8.62,554476,1.74
2026-09-21,8.76,9.02,9.03,8.76,701016,2.85
2026-09-22,9.08,9.61,9.74,9.05,2188246,6.54
2026-09-23,9.6,9.58,9.69,9.49,626468,-0.31
